bench	task	reason
fb	016	undefined_anchor_first_write
fb	074	undefined_anchor_first_write
fb	088	undefined_anchor_first_write
fb	118	undefined_anchor_first_write
fb	119	undefined_anchor_first_write
fb	120	undefined_anchor_first_write
fb	121	undefined_anchor_first_write
fb	133	undefined_anchor_first_write
fb	153	undefined_anchor_first_write
fb	159	undefined_anchor_first_write
fb	166	undefined_anchor_first_write
fb	168	undefined_anchor_first_write
fb	190	undefined_anchor_first_write
pro	tutao__tutanota-8513a9e8114a8b42e64f4348335e0f23efa054c4-vee878bb72091875e912c52fc32bc60ec3760227b	undefined_anchor_first_write
verified	037	undefined_anchor_first_write
verified	289	undefined_anchor_first_write
verified	406	undefined_anchor_first_write
